{
    "hidden_layer": [
        [
            {
                "weights": [
                    2.3157986810929247,
                    -2.241676839655419
                ],
                "bias": 1.0587825159456308
            },
            {
                "weights": [
                    -2.180587483367879,
                    2.243308844197743
                ],
                "bias": 1.1367243366287874
            }
        ],
        [
            {
                "weights": [
                    1.407607707687734,
                    -3.0083044431761783
                ],
                "bias": -1.3013416150528143
            },
            {
                "weights": [
                    -2.905996015644053,
                    -1.802352661948565
                ],
                "bias": 1.6475011294435362
            }
        ]
    ],
    "output_layer": {
        "weights": [
            -4.047865546262786,
            -7.843403510495004
        ],
        "bias": -3.83410273960969
    }
}