{
    "hidden_layer": [
        [
            {
                "weights": [
                    1.9006464228552595,
                    -1.9472821830516922
                ],
                "bias": -0.9450465159420213
            },
            {
                "weights": [
                    2.085080203947266,
                    -2.072541496356921
                ],
                "bias": 1.0779513986149483
            }
        ],
        [
            {
                "weights": [
                    -1.9530951540519526,
                    1.6327948109164614
                ],
                "bias": -1.3225915094844476
            },
            {
                "weights": [
                    1.0946942022555397,
                    -1.4159513696940613
                ],
                "bias": 0.7544898432618283
            }
        ]
    ],
    "output_layer": {
        "weights": [
            3.6370180736025373,
            -2.182354453786191
        ],
        "bias": -0.9149533982087802
    }
}